name,organism,model_bigg_id
ACOT8,Homo sapiens,Recon3D
GNPDA1,Homo sapiens,Recon3D
PLA2G4B,Homo sapiens,Recon3D
GNE,Homo sapiens,Recon3D
PIGK,Homo sapiens,Recon3D
SDR42E2,Homo sapiens,Recon3D
SLC17A4,Homo sapiens,Recon3D
NT5C1B-RDH14,Homo sapiens,Recon3D
ABCC5,Homo sapiens,Recon3D
ABCB6,Homo sapiens,Recon3D
ABCC9,Homo sapiens,Recon3D
COL4A3BP,Homo sapiens,Recon3D
UST,Homo sapiens,Recon3D
ADA,Homo sapiens,Recon3D
NAMPT,Homo sapiens,Recon3D
AASS,Homo sapiens,Recon3D
CHST4,Homo sapiens,Recon3D
SLC25A13,Homo sapiens,Recon3D
SLC25A15,Homo sapiens,Recon3D
DHRS9,Homo sapiens,Recon3D
NME6,Homo sapiens,Recon3D
DHRS2,Homo sapiens,Recon3D
COQ7,Homo sapiens,Recon3D
SLC17A2,Homo sapiens,Recon3D
GLYAT,Homo sapiens,Recon3D
ABCC4,Homo sapiens,Recon3D
CBSL,Homo sapiens,Recon3D
TCIRG1,Homo sapiens,Recon3D
B3GALT5,Homo sapiens,Recon3D
AKR1A1,Homo sapiens,Recon3D
B3GNT3,Homo sapiens,Recon3D
ABCA8,Homo sapiens,Recon3D
CDO1,Homo sapiens,Recon3D
BPNT1,Homo sapiens,Recon3D
CEPT1,Homo sapiens,Recon3D
ATP8A1,Homo sapiens,Recon3D
PEMT,Homo sapiens,Recon3D
ST3GAL6,Homo sapiens,Recon3D
CDS1,Homo sapiens,Recon3D
CDIPT,Homo sapiens,Recon3D
ACAA2,Homo sapiens,Recon3D
ECI2,Homo sapiens,Recon3D
ATP5H,Homo sapiens,Recon3D
SLC25A17,Homo sapiens,Recon3D
HTATIP2,Homo sapiens,Recon3D
AGPAT1,Homo sapiens,Recon3D
AGPAT2,Homo sapiens,Recon3D
SPTLC1,Homo sapiens,Recon3D
SLC35A1,Homo sapiens,Recon3D
SLC19A2,Homo sapiens,Recon3D
SLC34A2,Homo sapiens,Recon3D
CEL,Homo sapiens,Recon3D
TXNRD2,Homo sapiens,Recon3D
MTHFS,Homo sapiens,Recon3D
SLCO1B1,Homo sapiens,Recon3D
PAICS,Homo sapiens,Recon3D
ST6GALNAC2,Homo sapiens,Recon3D
ATP5L,Homo sapiens,Recon3D
PMVK,Homo sapiens,Recon3D
CES1,Homo sapiens,Recon3D
B3GNT2,Homo sapiens,Recon3D
EBP,Homo sapiens,Recon3D
FUT9,Homo sapiens,Recon3D
CERS1,Homo sapiens,Recon3D
UGT2B11,Homo sapiens,Recon3D
SLC12A7,Homo sapiens,Recon3D
MGEA5,Homo sapiens,Recon3D
PTGES3,Homo sapiens,Recon3D
AHCYL1,Homo sapiens,Recon3D
SLC17A3,Homo sapiens,Recon3D
MTHFD2,Homo sapiens,Recon3D
ADCY1,Homo sapiens,Recon3D
CFTR,Homo sapiens,Recon3D
NEU3,Homo sapiens,Recon3D
FAXDC2,Homo sapiens,Recon3D
ALDH1L1,Homo sapiens,Recon3D
FTCD,Homo sapiens,Recon3D
PDE10A,Homo sapiens,Recon3D
CYP46A1,Homo sapiens,Recon3D
SLC26A1,Homo sapiens,Recon3D
SLC22A7,Homo sapiens,Recon3D
HCST,Homo sapiens,Recon3D
ME3,Homo sapiens,Recon3D
ADCY2,Homo sapiens,Recon3D
DHRS4,Homo sapiens,Recon3D
EHMT2,Homo sapiens,Recon3D
RALBP1,Homo sapiens,Recon3D
PRDX3,Homo sapiens,Recon3D
UGT2A1,Homo sapiens,Recon3D
STARD3,Homo sapiens,Recon3D
ACOT2,Homo sapiens,Recon3D
UQCR11,Homo sapiens,Recon3D
SLC38A3,Homo sapiens,Recon3D
SDS,Homo sapiens,Recon3D
SLC27A5,Homo sapiens,Recon3D
SLC27A4,Homo sapiens,Recon3D
ADCY3,Homo sapiens,Recon3D
SLC27A3,Homo sapiens,Recon3D
SLC27A2,Homo sapiens,Recon3D
CHAT,Homo sapiens,Recon3D
B4GAT1,Homo sapiens,Recon3D
SLC35D2,Homo sapiens,Recon3D
AKR1C4,Homo sapiens,Recon3D
RPP14,Homo sapiens,Recon3D
HIBADH,Homo sapiens,Recon3D
SLC7A9,Homo sapiens,Recon3D
NUDT5,Homo sapiens,Recon3D
TREH,Homo sapiens,Recon3D
SLC2A6,Homo sapiens,Recon3D
CHIT1,Homo sapiens,Recon3D
CHKA,Homo sapiens,Recon3D
ADCY5,Homo sapiens,Recon3D
CHKB,Homo sapiens,Recon3D
PROSC,Homo sapiens,Recon3D
GALNT6,Homo sapiens,Recon3D
GALNT5,Homo sapiens,Recon3D
CA5B,Homo sapiens,Recon3D
SAT2,Homo sapiens,Recon3D
SLC6A14,Homo sapiens,Recon3D
RWDD2A,Homo sapiens,Recon3D
RDH13,Homo sapiens,Recon3D
CYP4F8,Homo sapiens,Recon3D
B4GALT7,Homo sapiens,Recon3D
ADCY6,Homo sapiens,Recon3D
PLCD3,Homo sapiens,Recon3D
SLCO2B1,Homo sapiens,Recon3D
CHST14,Homo sapiens,Recon3D
SLC46A1,Homo sapiens,Recon3D
SLC52A3,Homo sapiens,Recon3D
ACOT7,Homo sapiens,Recon3D
MGLL,Homo sapiens,Recon3D
AZIN2,Homo sapiens,Recon3D
CYP2U1,Homo sapiens,Recon3D
SDSL,Homo sapiens,Recon3D
ADCY7,Homo sapiens,Recon3D
SLC2A13,Homo sapiens,Recon3D
SLC22A9,Homo sapiens,Recon3D
GALNT13,Homo sapiens,Recon3D
PTPMT1,Homo sapiens,Recon3D
ADCY8,Homo sapiens,Recon3D
SLC26A9,Homo sapiens,Recon3D
SLC26A7,Homo sapiens,Recon3D
SLC25A26,Homo sapiens,Recon3D
CKB,Homo sapiens,Recon3D
SLC5A11,Homo sapiens,Recon3D
TBCB,Homo sapiens,Recon3D
CKM,Homo sapiens,Recon3D
CKMT1B,Homo sapiens,Recon3D
ADCY9,Homo sapiens,Recon3D
SLC22A12,Homo sapiens,Recon3D
CKMT2,Homo sapiens,Recon3D
MOGAT1,Homo sapiens,Recon3D
ACSM1,Homo sapiens,Recon3D
SLC26A8,Homo sapiens,Recon3D
SLC16A10,Homo sapiens,Recon3D
GALNT15,Homo sapiens,Recon3D
IP6K3,Homo sapiens,Recon3D
CLC,Homo sapiens,Recon3D
COMTD1,Homo sapiens,Recon3D
PNLIPRP3,Homo sapiens,Recon3D
TPP1,Homo sapiens,Recon3D
SLC36A4,Homo sapiens,Recon3D
CLPS,Homo sapiens,Recon3D
SDR9C7,Homo sapiens,Recon3D
TPH2,Homo sapiens,Recon3D
CMA1,Homo sapiens,Recon3D
AK7,Homo sapiens,Recon3D
PLD4,Homo sapiens,Recon3D
ADSSL1,Homo sapiens,Recon3D
ACOT4,Homo sapiens,Recon3D
SLC24A4,Homo sapiens,Recon3D
SLC25A29,Homo sapiens,Recon3D
DEGS2,Homo sapiens,Recon3D
SLC51B,Homo sapiens,Recon3D
HYKK,Homo sapiens,Recon3D
PLA2G4E,Homo sapiens,Recon3D
ACSM2A,Homo sapiens,Recon3D
ABCC2,Homo sapiens,Recon3D
CANT1,Homo sapiens,Recon3D
CYB5D1,Homo sapiens,Recon3D
B4GALNT2,Homo sapiens,Recon3D
SLC43A2,Homo sapiens,Recon3D
GGT6,Homo sapiens,Recon3D
ADH1A,Homo sapiens,Recon3D
AFMID,Homo sapiens,Recon3D
SLC5A10,Homo sapiens,Recon3D
COX6B2,Homo sapiens,Recon3D
ACER1,Homo sapiens,Recon3D
ADH1B,Homo sapiens,Recon3D
CPT1C,Homo sapiens,Recon3D
NDUFA11,Homo sapiens,Recon3D
CYP4F22,Homo sapiens,Recon3D
B3GALT6,Homo sapiens,Recon3D
CNP,Homo sapiens,Recon3D
ADH1C,Homo sapiens,Recon3D
ATP6V1G3,Homo sapiens,Recon3D
ADH4,Homo sapiens,Recon3D
PIGU,Homo sapiens,Recon3D
ADH5,Homo sapiens,Recon3D
CMPK2,Homo sapiens,Recon3D
MBOAT2,Homo sapiens,Recon3D
NEU4,Homo sapiens,Recon3D
ACMSD,Homo sapiens,Recon3D
SGPP2,Homo sapiens,Recon3D
MDH1B,Homo sapiens,Recon3D
ADH6,Homo sapiens,Recon3D
COMT,Homo sapiens,Recon3D
UROC1,Homo sapiens,Recon3D
ADH7,Homo sapiens,Recon3D
GLYCTK,Homo sapiens,Recon3D
GNPDA2,Homo sapiens,Recon3D
COX4I1,Homo sapiens,Recon3D
COX5B,Homo sapiens,Recon3D
ADK,Homo sapiens,Recon3D
ENPP6,Homo sapiens,Recon3D
COX6A1,Homo sapiens,Recon3D
COX6A2,Homo sapiens,Recon3D
COX6B1,Homo sapiens,Recon3D
ACOT12,Homo sapiens,Recon3D
COX6C,Homo sapiens,Recon3D
COX7A1,Homo sapiens,Recon3D
COX7A2,Homo sapiens,Recon3D
COX7B,Homo sapiens,Recon3D
COX7C,Homo sapiens,Recon3D
B3GAT2,Homo sapiens,Recon3D
COX8A,Homo sapiens,Recon3D
CP,Homo sapiens,Recon3D
CPA1,Homo sapiens,Recon3D
CPA2,Homo sapiens,Recon3D
CPOX,Homo sapiens,Recon3D
CPS1,Homo sapiens,Recon3D
CPT1A,Homo sapiens,Recon3D
CPT1B,Homo sapiens,Recon3D
CPT2,Homo sapiens,Recon3D
ADHFE1,Homo sapiens,Recon3D
PXDNL,Homo sapiens,Recon3D
GPAT4,Homo sapiens,Recon3D
PIP5KL1,Homo sapiens,Recon3D
CRAT,Homo sapiens,Recon3D
PTPDC1,Homo sapiens,Recon3D
UPRT,Homo sapiens,Recon3D
AADAC,Homo sapiens,Recon3D
SLC32A1,Homo sapiens,Recon3D
GCNT7,Homo sapiens,Recon3D
NANP,Homo sapiens,Recon3D
SLC34A3,Homo sapiens,Recon3D
CS,Homo sapiens,Recon3D
AMDHD1,Homo sapiens,Recon3D
SLC2A14,Homo sapiens,Recon3D
B3GLCT,Homo sapiens,Recon3D
RDH12,Homo sapiens,Recon3D
MDP1,Homo sapiens,Recon3D
MGAT5B,Homo sapiens,Recon3D
B3GNTL1,Homo sapiens,Recon3D
SLC47A2,Homo sapiens,Recon3D
SLC25A10,Homo sapiens,Recon3D
B3GALNT2,Homo sapiens,Recon3D
CTBP1,Homo sapiens,Recon3D
CTH,Homo sapiens,Recon3D
CTPS1,Homo sapiens,Recon3D
UPP2,Homo sapiens,Recon3D
MGAT4D,Homo sapiens,Recon3D
SLC36A2,Homo sapiens,Recon3D
CYC1,Homo sapiens,Recon3D
SLC2A12,Homo sapiens,Recon3D
MBOAT1,Homo sapiens,Recon3D
CYP1A1,Homo sapiens,Recon3D
CYP1A2,Homo sapiens,Recon3D
CYP1B1,Homo sapiens,Recon3D
CYP2A6,Homo sapiens,Recon3D
CYP2A7,Homo sapiens,Recon3D
SLC2A7,Homo sapiens,Recon3D
CYP3A7,Homo sapiens,Recon3D
CYP2A13,Homo sapiens,Recon3D
CYP2B6,Homo sapiens,Recon3D
CYP2C19,Homo sapiens,Recon3D
CYP2C8,Homo sapiens,Recon3D
CYP2C9,Homo sapiens,Recon3D
CYP2C18,Homo sapiens,Recon3D
CYP2D6,Homo sapiens,Recon3D
CYP2E1,Homo sapiens,Recon3D
CYP2F1,Homo sapiens,Recon3D
CYP2J2,Homo sapiens,Recon3D
RDH10,Homo sapiens,Recon3D
CYP3A4,Homo sapiens,Recon3D
CYP3A5,Homo sapiens,Recon3D
CYP4A11,Homo sapiens,Recon3D
CYP4B1,Homo sapiens,Recon3D
CYP7A1,Homo sapiens,Recon3D
CYP8B1,Homo sapiens,Recon3D
CYP11A1,Homo sapiens,Recon3D
CYP11B1,Homo sapiens,Recon3D
FAAH2,Homo sapiens,Recon3D
CYP11B2,Homo sapiens,Recon3D
CYP17A1,Homo sapiens,Recon3D
CYP19A1,Homo sapiens,Recon3D
CYP21A2,Homo sapiens,Recon3D
ADSL,Homo sapiens,Recon3D
CYP24A1,Homo sapiens,Recon3D
CYP27A1,Homo sapiens,Recon3D
CYP27B1,Homo sapiens,Recon3D
CYP51A1,Homo sapiens,Recon3D
SLC5A12,Homo sapiens,Recon3D
ADSS,Homo sapiens,Recon3D
AANAT,Homo sapiens,Recon3D
LDHAL6A,Homo sapiens,Recon3D
ALDH1L2,Homo sapiens,Recon3D
DGKA,Homo sapiens,Recon3D
SLC5A8,Homo sapiens,Recon3D
DGKB,Homo sapiens,Recon3D
DGKH,Homo sapiens,Recon3D
DGKG,Homo sapiens,Recon3D
DGKQ,Homo sapiens,Recon3D
DAO,Homo sapiens,Recon3D
DBH,Homo sapiens,Recon3D
DBI,Homo sapiens,Recon3D
NAGS,Homo sapiens,Recon3D
PHOSPHO1,Homo sapiens,Recon3D
DBT,Homo sapiens,Recon3D
ECI1,Homo sapiens,Recon3D
DCK,Homo sapiens,Recon3D
PLPPR5,Homo sapiens,Recon3D
DCTD,Homo sapiens,Recon3D
ACE,Homo sapiens,Recon3D
DCT,Homo sapiens,Recon3D
DDC,Homo sapiens,Recon3D
AKR1C1,Homo sapiens,Recon3D
AKR1C2,Homo sapiens,Recon3D
CHST13,Homo sapiens,Recon3D
DECR1,Homo sapiens,Recon3D
MMAA,Homo sapiens,Recon3D
SGMS2,Homo sapiens,Recon3D
GALNTL5,Homo sapiens,Recon3D
IDO2,Homo sapiens,Recon3D
FUT11,Homo sapiens,Recon3D
COX7B2,Homo sapiens,Recon3D
CLYBL,Homo sapiens,Recon3D
DGUOK,Homo sapiens,Recon3D
DHCR7,Homo sapiens,Recon3D
DHCR24,Homo sapiens,Recon3D
DHFR,Homo sapiens,Recon3D
DHODH,Homo sapiens,Recon3D
CYB5R3,Homo sapiens,Recon3D
NQO1,Homo sapiens,Recon3D
DIO1,Homo sapiens,Recon3D
DIO2,Homo sapiens,Recon3D
DIO3,Homo sapiens,Recon3D
DLAT,Homo sapiens,Recon3D
DLD,Homo sapiens,Recon3D
DLST,Homo sapiens,Recon3D
SARDH,Homo sapiens,Recon3D
AGA,Homo sapiens,Recon3D
AGL,Homo sapiens,Recon3D
DPEP1,Homo sapiens,Recon3D
DPYD,Homo sapiens,Recon3D
DPYS,Homo sapiens,Recon3D
DPYSL2,Homo sapiens,Recon3D
DPYSL3,Homo sapiens,Recon3D
SLC26A3,Homo sapiens,Recon3D
SLC26A2,Homo sapiens,Recon3D
DTYMK,Homo sapiens,Recon3D
DUT,Homo sapiens,Recon3D
TYMP,Homo sapiens,Recon3D
ECH1,Homo sapiens,Recon3D
ECHS1,Homo sapiens,Recon3D
AGXT,Homo sapiens,Recon3D
ABAT,Homo sapiens,Recon3D
AHCY,Homo sapiens,Recon3D
B3GNT6,Homo sapiens,Recon3D
HIGD2A,Homo sapiens,Recon3D
SDR16C5,Homo sapiens,Recon3D
PLPP4,Homo sapiens,Recon3D
EHHADH,Homo sapiens,Recon3D
ADCY4,Homo sapiens,Recon3D
LDHD,Homo sapiens,Recon3D
FUK,Homo sapiens,Recon3D
CYP4Z1,Homo sapiens,Recon3D
ABCA1,Homo sapiens,Recon3D
SLC5A9,Homo sapiens,Recon3D
PIKFYVE,Homo sapiens,Recon3D
ALG1L,Homo sapiens,Recon3D
SLC51A,Homo sapiens,Recon3D
PLD6,Homo sapiens,Recon3D
HACD2,Homo sapiens,Recon3D
STT3B,Homo sapiens,Recon3D
ENO1,Homo sapiens,Recon3D
ENO2,Homo sapiens,Recon3D
ENO3,Homo sapiens,Recon3D
SLC29A1,Homo sapiens,Recon3D
AK1,Homo sapiens,Recon3D
CERS3,Homo sapiens,Recon3D
AK2,Homo sapiens,Recon3D
EPHX2,Homo sapiens,Recon3D
AK4,Homo sapiens,Recon3D
SLC36A1,Homo sapiens,Recon3D
ESD,Homo sapiens,Recon3D
ETFA,Homo sapiens,Recon3D
ETFB,Homo sapiens,Recon3D
ALAD,Homo sapiens,Recon3D
ETFDH,Homo sapiens,Recon3D
ALAS1,Homo sapiens,Recon3D
ALAS2,Homo sapiens,Recon3D
EXT1,Homo sapiens,Recon3D
EXT2,Homo sapiens,Recon3D
EXTL1,Homo sapiens,Recon3D
EXTL2,Homo sapiens,Recon3D
EXTL3,Homo sapiens,Recon3D
ABCD1,Homo sapiens,Recon3D
FABP4,Homo sapiens,Recon3D
FABP1,Homo sapiens,Recon3D
FABP2,Homo sapiens,Recon3D
ALDH1A1,Homo sapiens,Recon3D
FABP3,Homo sapiens,Recon3D
FABP5,Homo sapiens,Recon3D
FABP6,Homo sapiens,Recon3D
FABP7,Homo sapiens,Recon3D
ALDH2,Homo sapiens,Recon3D
ACSL1,Homo sapiens,Recon3D
ACSL3,Homo sapiens,Recon3D
ACSL4,Homo sapiens,Recon3D
FAH,Homo sapiens,Recon3D
ALDH3A1,Homo sapiens,Recon3D
FASN,Homo sapiens,Recon3D
ALDH1B1,Homo sapiens,Recon3D
ABCA3,Homo sapiens,Recon3D
LRTOMT,Homo sapiens,Recon3D
FBP1,Homo sapiens,Recon3D
ALDH1A3,Homo sapiens,Recon3D
CES5A,Homo sapiens,Recon3D
PRPS1L1,Homo sapiens,Recon3D
DAGLB,Homo sapiens,Recon3D
ALDH3B1,Homo sapiens,Recon3D
FDFT1,Homo sapiens,Recon3D
FDPS,Homo sapiens,Recon3D
HS3ST5,Homo sapiens,Recon3D
SLC29A4,Homo sapiens,Recon3D
ALDH3B2,Homo sapiens,Recon3D
FECH,Homo sapiens,Recon3D
ALDH9A1,Homo sapiens,Recon3D
ALDH3A2,Homo sapiens,Recon3D
ABCD2,Homo sapiens,Recon3D
ALDOA,Homo sapiens,Recon3D
FH,Homo sapiens,Recon3D
CHSY1,Homo sapiens,Recon3D
INPP5F,Homo sapiens,Recon3D
SACM1L,Homo sapiens,Recon3D
RPIA,Homo sapiens,Recon3D
NT5C2,Homo sapiens,Recon3D
ALDOB,Homo sapiens,Recon3D
PLCH1,Homo sapiens,Recon3D
NMNAT2,Homo sapiens,Recon3D
SETD1B,Homo sapiens,Recon3D
ALDOC,Homo sapiens,Recon3D
SLC35D1,Homo sapiens,Recon3D
LPIN1,Homo sapiens,Recon3D
AKR1B1,Homo sapiens,Recon3D
PMPCA,Homo sapiens,Recon3D
ACSBG1,Homo sapiens,Recon3D
PLCB1,Homo sapiens,Recon3D
ATP11A,Homo sapiens,Recon3D
PPIP5K2,Homo sapiens,Recon3D
ACSL6,Homo sapiens,Recon3D
SLC9A8,Homo sapiens,Recon3D
TNS2,Homo sapiens,Recon3D
PIP5K1C,Homo sapiens,Recon3D
MLYCD,Homo sapiens,Recon3D
SLC7A8,Homo sapiens,Recon3D
TPSD1,Homo sapiens,Recon3D
ATP1B4,Homo sapiens,Recon3D
SLC35A3,Homo sapiens,Recon3D
GCAT,Homo sapiens,Recon3D
QPRT,Homo sapiens,Recon3D
SEC11A,Homo sapiens,Recon3D
FOLR1,Homo sapiens,Recon3D
CES3,Homo sapiens,Recon3D
HAAO,Homo sapiens,Recon3D
FOLR2,Homo sapiens,Recon3D
FOLR3,Homo sapiens,Recon3D
NNT,Homo sapiens,Recon3D
PIK3R5,Homo sapiens,Recon3D
SLC16A8,Homo sapiens,Recon3D
ATP6V0A2,Homo sapiens,Recon3D
PIGN,Homo sapiens,Recon3D
CHST5,Homo sapiens,Recon3D
FPGS,Homo sapiens,Recon3D
AMACR,Homo sapiens,Recon3D
CA14,Homo sapiens,Recon3D
PLD3,Homo sapiens,Recon3D
SLC7A11,Homo sapiens,Recon3D
BHMT2,Homo sapiens,Recon3D
PISD,Homo sapiens,Recon3D
ALOX12,Homo sapiens,Recon3D
ALOX5,Homo sapiens,Recon3D
ATP6V0D2,Homo sapiens,Recon3D
ATP6V1C2,Homo sapiens,Recon3D
SLC17A8,Homo sapiens,Recon3D
ALOX15,Homo sapiens,Recon3D
ALOX15B,Homo sapiens,Recon3D
ALPI,Homo sapiens,Recon3D
FTH1,Homo sapiens,Recon3D
ALPL,Homo sapiens,Recon3D
ABCA4,Homo sapiens,Recon3D
ALPP,Homo sapiens,Recon3D
FTL,Homo sapiens,Recon3D
FUCA1,Homo sapiens,Recon3D
FUCA2,Homo sapiens,Recon3D
ALPPL2,Homo sapiens,Recon3D
FUT1,Homo sapiens,Recon3D
FUT2,Homo sapiens,Recon3D
FUT3,Homo sapiens,Recon3D
FUT4,Homo sapiens,Recon3D
FUT5,Homo sapiens,Recon3D
FUT6,Homo sapiens,Recon3D
FUT7,Homo sapiens,Recon3D
TECRL,Homo sapiens,Recon3D
KDSR,Homo sapiens,Recon3D
LCLAT1,Homo sapiens,Recon3D
CERS6,Homo sapiens,Recon3D
G6PC,Homo sapiens,Recon3D
G6PD,Homo sapiens,Recon3D
SLC37A4,Homo sapiens,Recon3D
GAA,Homo sapiens,Recon3D
ST6GALNAC3,Homo sapiens,Recon3D
PLCXD2,Homo sapiens,Recon3D
GAD1,Homo sapiens,Recon3D
GPX6,Homo sapiens,Recon3D
GAD2,Homo sapiens,Recon3D
SLC24A2,Homo sapiens,Recon3D
PGLS,Homo sapiens,Recon3D
GALC,Homo sapiens,Recon3D
GALE,Homo sapiens,Recon3D
SULT4A1,Homo sapiens,Recon3D
MGAT4C,Homo sapiens,Recon3D
B4GALNT1,Homo sapiens,Recon3D
GALK1,Homo sapiens,Recon3D
GALK2,Homo sapiens,Recon3D
MPC2,Homo sapiens,Recon3D
GALNS,Homo sapiens,Recon3D
GALNT1,Homo sapiens,Recon3D
MTHFD1L,Homo sapiens,Recon3D
GALNT2,Homo sapiens,Recon3D
GALNT3,Homo sapiens,Recon3D
SGMS1,Homo sapiens,Recon3D
GALT,Homo sapiens,Recon3D
IL4I1,Homo sapiens,Recon3D
GAMT,Homo sapiens,Recon3D
GANC,Homo sapiens,Recon3D
GAPDH,Homo sapiens,Recon3D
MOXD1,Homo sapiens,Recon3D
TKFC,Homo sapiens,Recon3D
ACOT11,Homo sapiens,Recon3D
CYP4X1,Homo sapiens,Recon3D
GLCE,Homo sapiens,Recon3D
HACL1,Homo sapiens,Recon3D
DECR2,Homo sapiens,Recon3D
GART,Homo sapiens,Recon3D
PHGDH,Homo sapiens,Recon3D
B3GAT3,Homo sapiens,Recon3D
SLC13A4,Homo sapiens,Recon3D
HIBCH,Homo sapiens,Recon3D
PLA2G2D,Homo sapiens,Recon3D
AK5,Homo sapiens,Recon3D
GATM,Homo sapiens,Recon3D
GALNT8,Homo sapiens,Recon3D
GBA,Homo sapiens,Recon3D
AMD1,Homo sapiens,Recon3D
GBGT1,Homo sapiens,Recon3D
GBE1,Homo sapiens,Recon3D
GAPDHS,Homo sapiens,Recon3D
GCDH,Homo sapiens,Recon3D
GCH1,Homo sapiens,Recon3D
GCK,Homo sapiens,Recon3D
SLC17A5,Homo sapiens,Recon3D
GCNT1,Homo sapiens,Recon3D
GCNT2,Homo sapiens,Recon3D
GCSH,Homo sapiens,Recon3D
HS6ST3,Homo sapiens,Recon3D
MAGEA2B,Homo sapiens,Recon3D
ATP5L2,Homo sapiens,Recon3D
GFPT1,Homo sapiens,Recon3D
GGT1,Homo sapiens,Recon3D
B4GALT1,Homo sapiens,Recon3D
GGT7,Homo sapiens,Recon3D
OPLAH,Homo sapiens,Recon3D
GGT5,Homo sapiens,Recon3D
AOC1,Homo sapiens,Recon3D
TPK1,Homo sapiens,Recon3D
ACAD8,Homo sapiens,Recon3D
PPA2,Homo sapiens,Recon3D
B3GAT1,Homo sapiens,Recon3D
UQCRQ,Homo sapiens,Recon3D
ST6GALNAC4,Homo sapiens,Recon3D
AMPD1,Homo sapiens,Recon3D
ATP5S,Homo sapiens,Recon3D
GK,Homo sapiens,Recon3D
PDE7B,Homo sapiens,Recon3D
INPP5J,Homo sapiens,Recon3D
GK2,Homo sapiens,Recon3D
CHIA,Homo sapiens,Recon3D
GLS2,Homo sapiens,Recon3D
GLA,Homo sapiens,Recon3D
AMPD2,Homo sapiens,Recon3D
GLB1,Homo sapiens,Recon3D
GNMT,Homo sapiens,Recon3D
COQ2,Homo sapiens,Recon3D
SULT1B1,Homo sapiens,Recon3D
GCLC,Homo sapiens,Recon3D
AMPD3,Homo sapiens,Recon3D
HPGDS,Homo sapiens,Recon3D
GCLM,Homo sapiens,Recon3D
GLDC,Homo sapiens,Recon3D
GLO1,Homo sapiens,Recon3D
MAT2B,Homo sapiens,Recon3D
GLS,Homo sapiens,Recon3D
GLRX,Homo sapiens,Recon3D
GLUD1,Homo sapiens,Recon3D
GLUD2,Homo sapiens,Recon3D
GLUL,Homo sapiens,Recon3D
AMT,Homo sapiens,Recon3D
GM2A,Homo sapiens,Recon3D
GMDS,Homo sapiens,Recon3D
GMPR,Homo sapiens,Recon3D
AMY1A,Homo sapiens,Recon3D
AMY1B,Homo sapiens,Recon3D
AMY1C,Homo sapiens,Recon3D
GNS,Homo sapiens,Recon3D
AMY2A,Homo sapiens,Recon3D
GOT1,Homo sapiens,Recon3D
GOT2,Homo sapiens,Recon3D
AMY2B,Homo sapiens,Recon3D
GPD1,Homo sapiens,Recon3D
GPD2,Homo sapiens,Recon3D
GPI,Homo sapiens,Recon3D
SLCO4A1,Homo sapiens,Recon3D
SLCO3A1,Homo sapiens,Recon3D
SLCO1B3,Homo sapiens,Recon3D
P4HA3,Homo sapiens,Recon3D
PGM2L1,Homo sapiens,Recon3D
B4GALNT3,Homo sapiens,Recon3D
FADS6,Homo sapiens,Recon3D
HEXDC,Homo sapiens,Recon3D
PIGW,Homo sapiens,Recon3D
SLC13A5,Homo sapiens,Recon3D
SLC26A11,Homo sapiens,Recon3D
ZADH2,Homo sapiens,Recon3D
CYP4V2,Homo sapiens,Recon3D
ATP11C,Homo sapiens,Recon3D
GPT,Homo sapiens,Recon3D
GPX1,Homo sapiens,Recon3D
GPX2,Homo sapiens,Recon3D
GPX3,Homo sapiens,Recon3D
GPX4,Homo sapiens,Recon3D
GPX5,Homo sapiens,Recon3D
GPX7,Homo sapiens,Recon3D
SLC27A6,Homo sapiens,Recon3D
SPCS1,Homo sapiens,Recon3D
ACAD9,Homo sapiens,Recon3D
FLVCR1,Homo sapiens,Recon3D
ABO,Homo sapiens,Recon3D
SETD2,Homo sapiens,Recon3D
PHPT1,Homo sapiens,Recon3D
ANPEP,Homo sapiens,Recon3D
LGALS13,Homo sapiens,Recon3D
SLC25A4,Homo sapiens,Recon3D
SLC25A5,Homo sapiens,Recon3D
GSR,Homo sapiens,Recon3D
GSS,Homo sapiens,Recon3D
SLC25A6,Homo sapiens,Recon3D
GSTM1,Homo sapiens,Recon3D
GSTM2,Homo sapiens,Recon3D
GSTZ1,Homo sapiens,Recon3D
GUCY1A2,Homo sapiens,Recon3D
CYP2S1,Homo sapiens,Recon3D
GUCA1A,Homo sapiens,Recon3D
UQCR10,Homo sapiens,Recon3D
GUCY1A3,Homo sapiens,Recon3D
GUCY1B3,Homo sapiens,Recon3D
GUCY2C,Homo sapiens,Recon3D
GUCY2F,Homo sapiens,Recon3D
GUK1,Homo sapiens,Recon3D
ALG5,Homo sapiens,Recon3D
NPC1L1,Homo sapiens,Recon3D
ST8SIA5,Homo sapiens,Recon3D
GUSB,Homo sapiens,Recon3D
PYCR2,Homo sapiens,Recon3D
NME7,Homo sapiens,Recon3D
GMPPB,Homo sapiens,Recon3D
GMPPA,Homo sapiens,Recon3D
GYG1,Homo sapiens,Recon3D
CERS2,Homo sapiens,Recon3D
DMGDH,Homo sapiens,Recon3D
PSAT1,Homo sapiens,Recon3D
GYS1,Homo sapiens,Recon3D
SLC2A8,Homo sapiens,Recon3D
GYS2,Homo sapiens,Recon3D
GUCY2D,Homo sapiens,Recon3D
SLC40A1,Homo sapiens,Recon3D
HSD17B10,Homo sapiens,Recon3D
HAGH,Homo sapiens,Recon3D
HADHA,Homo sapiens,Recon3D
HADHB,Homo sapiens,Recon3D
HADH,Homo sapiens,Recon3D
HAL,Homo sapiens,Recon3D
HAS1,Homo sapiens,Recon3D
HAS2,Homo sapiens,Recon3D
HAS3,Homo sapiens,Recon3D
HDC,Homo sapiens,Recon3D
HDLBP,Homo sapiens,Recon3D
HEXA,Homo sapiens,Recon3D
HEXB,Homo sapiens,Recon3D
PLA2G2E,Homo sapiens,Recon3D
ST6GALNAC6,Homo sapiens,Recon3D
HGD,Homo sapiens,Recon3D
NT5C,Homo sapiens,Recon3D
HK1,Homo sapiens,Recon3D
HK2,Homo sapiens,Recon3D
ACAA1,Homo sapiens,Recon3D
HK3,Homo sapiens,Recon3D
HLCS,Homo sapiens,Recon3D
HMBS,Homo sapiens,Recon3D
AOC2,Homo sapiens,Recon3D
HMGCL,Homo sapiens,Recon3D
HMGCR,Homo sapiens,Recon3D
HMGCS1,Homo sapiens,Recon3D
HMGCS2,Homo sapiens,Recon3D
HMOX1,Homo sapiens,Recon3D
HMOX2,Homo sapiens,Recon3D
AOX1,Homo sapiens,Recon3D
HNMT,Homo sapiens,Recon3D
SLC29A2,Homo sapiens,Recon3D
ACACA,Homo sapiens,Recon3D
HPD,Homo sapiens,Recon3D
HPGD,Homo sapiens,Recon3D
HPRT1,Homo sapiens,Recon3D
HSD3B1,Homo sapiens,Recon3D
HSD3B2,Homo sapiens,Recon3D
HSD11B1,Homo sapiens,Recon3D
HSD11B2,Homo sapiens,Recon3D
HSD17B1,Homo sapiens,Recon3D
HSD17B3,Homo sapiens,Recon3D
HSD17B2,Homo sapiens,Recon3D
HSD17B4,Homo sapiens,Recon3D
ACACB,Homo sapiens,Recon3D
NDST1,Homo sapiens,Recon3D
CHSY3,Homo sapiens,Recon3D
B4GALNT4,Homo sapiens,Recon3D
ENPP7,Homo sapiens,Recon3D
ACADL,Homo sapiens,Recon3D
SLC6A19,Homo sapiens,Recon3D
ACER2,Homo sapiens,Recon3D
ACSM4,Homo sapiens,Recon3D
IDH1,Homo sapiens,Recon3D
IDH2,Homo sapiens,Recon3D
COX8C,Homo sapiens,Recon3D
IDH3A,Homo sapiens,Recon3D
IDH3B,Homo sapiens,Recon3D
IDH3G,Homo sapiens,Recon3D
IDI1,Homo sapiens,Recon3D
IDS,Homo sapiens,Recon3D
IDUA,Homo sapiens,Recon3D
AQP8,Homo sapiens,Recon3D
SLC10A6,Homo sapiens,Recon3D
SLC35B2,Homo sapiens,Recon3D
ACSM2B,Homo sapiens,Recon3D
SLC6A18,Homo sapiens,Recon3D
NMNAT3,Homo sapiens,Recon3D
ACADM,Homo sapiens,Recon3D
APRT,Homo sapiens,Recon3D
AQP1,Homo sapiens,Recon3D
AQP2,Homo sapiens,Recon3D
ACADS,Homo sapiens,Recon3D
GLT6D1,Homo sapiens,Recon3D
AQP3,Homo sapiens,Recon3D
IMPA1,Homo sapiens,Recon3D
IMPA2,Homo sapiens,Recon3D
IMPDH1,Homo sapiens,Recon3D
IMPDH2,Homo sapiens,Recon3D
AQP4,Homo sapiens,Recon3D
IDO1,Homo sapiens,Recon3D
INPP1,Homo sapiens,Recon3D
AQP5,Homo sapiens,Recon3D
INPP4A,Homo sapiens,Recon3D
INPP5A,Homo sapiens,Recon3D
INPP5B,Homo sapiens,Recon3D
INPP5D,Homo sapiens,Recon3D
INPPL1,Homo sapiens,Recon3D
AQP7,Homo sapiens,Recon3D
IREB2,Homo sapiens,Recon3D
AQP9,Homo sapiens,Recon3D
ACADSB,Homo sapiens,Recon3D
STT3A,Homo sapiens,Recon3D
ITPA,Homo sapiens,Recon3D
ITPK1,Homo sapiens,Recon3D
ITPKA,Homo sapiens,Recon3D
ITPKB,Homo sapiens,Recon3D
IVD,Homo sapiens,Recon3D
NDUFS7,Homo sapiens,Recon3D
PTPRQ,Homo sapiens,Recon3D
ASPG,Homo sapiens,Recon3D
HSD11B1L,Homo sapiens,Recon3D
B3GNT8,Homo sapiens,Recon3D
MIA3,Homo sapiens,Recon3D
SLC27A1,Homo sapiens,Recon3D
KCNJ8,Homo sapiens,Recon3D
KCNJ11,Homo sapiens,Recon3D
CA13,Homo sapiens,Recon3D
ENTPD8,Homo sapiens,Recon3D
KHK,Homo sapiens,Recon3D
ACADVL,Homo sapiens,Recon3D
ARG1,Homo sapiens,Recon3D
ARG2,Homo sapiens,Recon3D
SLC22A10,Homo sapiens,Recon3D
KMT5A,Homo sapiens,Recon3D
SLC9A4,Homo sapiens,Recon3D
ACAT1,Homo sapiens,Recon3D
LALBA,Homo sapiens,Recon3D
ACP7,Homo sapiens,Recon3D
LBR,Homo sapiens,Recon3D
LCAT,Homo sapiens,Recon3D
LCT,Homo sapiens,Recon3D
LDHA,Homo sapiens,Recon3D
LDHB,Homo sapiens,Recon3D
LDHC,Homo sapiens,Recon3D
LIPA,Homo sapiens,Recon3D
LIPC,Homo sapiens,Recon3D
LIPE,Homo sapiens,Recon3D
FADS1,Homo sapiens,Recon3D
FADS3,Homo sapiens,Recon3D
ACAT2,Homo sapiens,Recon3D
HACD4,Homo sapiens,Recon3D
LOXL2,Homo sapiens,Recon3D
LPL,Homo sapiens,Recon3D
LPO,Homo sapiens,Recon3D
PLPP6,Homo sapiens,Recon3D
LSS,Homo sapiens,Recon3D
LTA4H,Homo sapiens,Recon3D
CYP4F3,Homo sapiens,Recon3D
LTC4S,Homo sapiens,Recon3D
ARSA,Homo sapiens,Recon3D
ARSB,Homo sapiens,Recon3D
MAN2B1,Homo sapiens,Recon3D
MANBA,Homo sapiens,Recon3D
MAOA,Homo sapiens,Recon3D
MAOB,Homo sapiens,Recon3D
STS,Homo sapiens,Recon3D
MAT1A,Homo sapiens,Recon3D
MAT2A,Homo sapiens,Recon3D
CHST6,Homo sapiens,Recon3D
MDH1,Homo sapiens,Recon3D
MDH2,Homo sapiens,Recon3D
ME1,Homo sapiens,Recon3D
ME2,Homo sapiens,Recon3D
MGAT5,Homo sapiens,Recon3D
MGST2,Homo sapiens,Recon3D
MGST3,Homo sapiens,Recon3D
ASAH1,Homo sapiens,Recon3D
MIP,Homo sapiens,Recon3D
KMT2A,Homo sapiens,Recon3D
ALDH6A1,Homo sapiens,Recon3D
MPI,Homo sapiens,Recon3D
MPO,Homo sapiens,Recon3D
MPST,Homo sapiens,Recon3D
ASL,Homo sapiens,Recon3D
ABCC1,Homo sapiens,Recon3D
ASMT,Homo sapiens,Recon3D
ACHE,Homo sapiens,Recon3D
ASNS,Homo sapiens,Recon3D
MTHFD2L,Homo sapiens,Recon3D
AKR1B15,Homo sapiens,Recon3D
ASPA,Homo sapiens,Recon3D
ASS1,Homo sapiens,Recon3D
MTAP,Homo sapiens,Recon3D
COX1,Homo sapiens,Recon3D
COX2,Homo sapiens,Recon3D
COX3,Homo sapiens,Recon3D
CYTB,Homo sapiens,Recon3D
MTHFD1,Homo sapiens,Recon3D
MTHFR,Homo sapiens,Recon3D
ND1,Homo sapiens,Recon3D
ND2,Homo sapiens,Recon3D
ND3,Homo sapiens,Recon3D
ND4,Homo sapiens,Recon3D
ND4L,Homo sapiens,Recon3D
ND5,Homo sapiens,Recon3D
ND6,Homo sapiens,Recon3D
MTR,Homo sapiens,Recon3D
MUT,Homo sapiens,Recon3D
MVD,Homo sapiens,Recon3D
MVK,Homo sapiens,Recon3D
MYO5B,Homo sapiens,Recon3D
NAGA,Homo sapiens,Recon3D
NAGLU,Homo sapiens,Recon3D
NDUFA1,Homo sapiens,Recon3D
NDUFA2,Homo sapiens,Recon3D
NDUFA3,Homo sapiens,Recon3D
NDUFA4,Homo sapiens,Recon3D
NDUFA5,Homo sapiens,Recon3D
NDUFA6,Homo sapiens,Recon3D
NDUFA7,Homo sapiens,Recon3D
NDUFA8,Homo sapiens,Recon3D
NDUFA9,Homo sapiens,Recon3D
NDUFA10,Homo sapiens,Recon3D
NDUFAB1,Homo sapiens,Recon3D
NDUFB1,Homo sapiens,Recon3D
NDUFB2,Homo sapiens,Recon3D
NDUFB3,Homo sapiens,Recon3D
NDUFB4,Homo sapiens,Recon3D
NDUFB5,Homo sapiens,Recon3D
NDUFB6,Homo sapiens,Recon3D
NDUFB7,Homo sapiens,Recon3D
NDUFB8,Homo sapiens,Recon3D
NDUFB9,Homo sapiens,Recon3D
NDUFB10,Homo sapiens,Recon3D
NDUFC1,Homo sapiens,Recon3D
NDUFC2,Homo sapiens,Recon3D
NDUFS1,Homo sapiens,Recon3D
ATIC,Homo sapiens,Recon3D
NDUFS2,Homo sapiens,Recon3D
NDUFS3,Homo sapiens,Recon3D
NDUFV1,Homo sapiens,Recon3D
NDUFS4,Homo sapiens,Recon3D
NDUFS5,Homo sapiens,Recon3D
NDUFS6,Homo sapiens,Recon3D
NDUFS8,Homo sapiens,Recon3D
NDUFV2,Homo sapiens,Recon3D
NDUFV3,Homo sapiens,Recon3D
NEU1,Homo sapiens,Recon3D
NEU2,Homo sapiens,Recon3D
ATP1A1,Homo sapiens,Recon3D
ATP1A2,Homo sapiens,Recon3D
ATP1A3,Homo sapiens,Recon3D
ACLY,Homo sapiens,Recon3D
ATP1A4,Homo sapiens,Recon3D
ATP1B1,Homo sapiens,Recon3D
ATP1B2,Homo sapiens,Recon3D
NME1,Homo sapiens,Recon3D
NME2,Homo sapiens,Recon3D
NME3,Homo sapiens,Recon3D
NME4,Homo sapiens,Recon3D
NNMT,Homo sapiens,Recon3D
ATP1B3,Homo sapiens,Recon3D
NOS1,Homo sapiens,Recon3D
NOS2,Homo sapiens,Recon3D
NOS3,Homo sapiens,Recon3D
PNP,Homo sapiens,Recon3D
NPC1,Homo sapiens,Recon3D
NPR1,Homo sapiens,Recon3D
NPR2,Homo sapiens,Recon3D
SLC11A2,Homo sapiens,Recon3D
ACO1,Homo sapiens,Recon3D
NSF,Homo sapiens,Recon3D
NT5E,Homo sapiens,Recon3D
ATP2B1,Homo sapiens,Recon3D
ATP2B2,Homo sapiens,Recon3D
ATP2B3,Homo sapiens,Recon3D
GPX8,Homo sapiens,Recon3D
ATP2B4,Homo sapiens,Recon3D
OAT,Homo sapiens,Recon3D
OCRL,Homo sapiens,Recon3D
ODC1,Homo sapiens,Recon3D
ATP4A,Homo sapiens,Recon3D
OGDH,Homo sapiens,Recon3D
ATP4B,Homo sapiens,Recon3D
ATP5A1,Homo sapiens,Recon3D
OTC,Homo sapiens,Recon3D
OXCT1,Homo sapiens,Recon3D
ALDH7A1,Homo sapiens,Recon3D
P4HA1,Homo sapiens,Recon3D
RRM2B,Homo sapiens,Recon3D
PLA2G3,Homo sapiens,Recon3D
PAFAH1B1,Homo sapiens,Recon3D
PAFAH1B2,Homo sapiens,Recon3D
DUOX2,Homo sapiens,Recon3D
PAFAH1B3,Homo sapiens,Recon3D
CHST11,Homo sapiens,Recon3D
PAFAH2,Homo sapiens,Recon3D
PRDX1,Homo sapiens,Recon3D
PAH,Homo sapiens,Recon3D
GALNT9,Homo sapiens,Recon3D
ATP6V0A4,Homo sapiens,Recon3D
ATP5B,Homo sapiens,Recon3D
RDH8,Homo sapiens,Recon3D
AK3,Homo sapiens,Recon3D
NSDHL,Homo sapiens,Recon3D
PC,Homo sapiens,Recon3D
PCBD1,Homo sapiens,Recon3D
PDE11A,Homo sapiens,Recon3D
ATP5C1,Homo sapiens,Recon3D
ACO2,Homo sapiens,Recon3D
COQ6,Homo sapiens,Recon3D
AMDHD2,Homo sapiens,Recon3D
GLRX2,Homo sapiens,Recon3D
LAP3,Homo sapiens,Recon3D
PCK1,Homo sapiens,Recon3D
PCK2,Homo sapiens,Recon3D
DERA,Homo sapiens,Recon3D
NDUFA13,Homo sapiens,Recon3D
TNNI3K,Homo sapiens,Recon3D
ABHD5,Homo sapiens,Recon3D
MECR,Homo sapiens,Recon3D
RDH11,Homo sapiens,Recon3D
KMT5B,Homo sapiens,Recon3D
HSD17B12,Homo sapiens,Recon3D
A4GNT,Homo sapiens,Recon3D
AADAT,Homo sapiens,Recon3D
HSD17B11,Homo sapiens,Recon3D
HSD17B14,Homo sapiens,Recon3D
HAO2,Homo sapiens,Recon3D
DCXR,Homo sapiens,Recon3D
PLCE1,Homo sapiens,Recon3D
ACP6,Homo sapiens,Recon3D
PIGP,Homo sapiens,Recon3D
GLTP,Homo sapiens,Recon3D
NT5C3A,Homo sapiens,Recon3D
PIPOX,Homo sapiens,Recon3D
GMPR2,Homo sapiens,Recon3D
GCNT4,Homo sapiens,Recon3D
CYP39A1,Homo sapiens,Recon3D
PCYT1A,Homo sapiens,Recon3D
SLC25A37,Homo sapiens,Recon3D
PDE1A,Homo sapiens,Recon3D
PDE1C,Homo sapiens,Recon3D
CSAD,Homo sapiens,Recon3D
ATP6V1D,Homo sapiens,Recon3D
PDE2A,Homo sapiens,Recon3D
PDE3A,Homo sapiens,Recon3D
ATP5D,Homo sapiens,Recon3D
PDE3B,Homo sapiens,Recon3D
PDE4A,Homo sapiens,Recon3D
PDE4B,Homo sapiens,Recon3D
PDE4C,Homo sapiens,Recon3D
IP6K2,Homo sapiens,Recon3D
PDE4D,Homo sapiens,Recon3D
RHCG,Homo sapiens,Recon3D
PDE6A,Homo sapiens,Recon3D
PDE6C,Homo sapiens,Recon3D
ISYNA1,Homo sapiens,Recon3D
HSD17B7,Homo sapiens,Recon3D
PDE6D,Homo sapiens,Recon3D
PDE6G,Homo sapiens,Recon3D
HACD3,Homo sapiens,Recon3D
CTDSPL2,Homo sapiens,Recon3D
PDE6H,Homo sapiens,Recon3D
ATP5E,Homo sapiens,Recon3D
PDE7A,Homo sapiens,Recon3D
PDE8A,Homo sapiens,Recon3D
PDE9A,Homo sapiens,Recon3D
PDE1B,Homo sapiens,Recon3D
LGSN,Homo sapiens,Recon3D
NT5DC3,Homo sapiens,Recon3D
PDE6B,Homo sapiens,Recon3D
ATP5F1,Homo sapiens,Recon3D
PIGT,Homo sapiens,Recon3D
ATP6V1H,Homo sapiens,Recon3D
PDHA1,Homo sapiens,Recon3D
PDHA2,Homo sapiens,Recon3D
PDHB,Homo sapiens,Recon3D
MPC1,Homo sapiens,Recon3D
ENPP1,Homo sapiens,Recon3D
ENPP2,Homo sapiens,Recon3D
ENPP3,Homo sapiens,Recon3D
ATP5G1,Homo sapiens,Recon3D
CYB5R2,Homo sapiens,Recon3D
ACSL5,Homo sapiens,Recon3D
CYB5R1,Homo sapiens,Recon3D
CMPK1,Homo sapiens,Recon3D
SLC26A4,Homo sapiens,Recon3D
UPB1,Homo sapiens,Recon3D
WWOX,Homo sapiens,Recon3D
ATP5G2,Homo sapiens,Recon3D
COQ3,Homo sapiens,Recon3D
GALNT7,Homo sapiens,Recon3D
PEPD,Homo sapiens,Recon3D
ATP5G3,Homo sapiens,Recon3D
PFAS,Homo sapiens,Recon3D
ACOX1,Homo sapiens,Recon3D
ATP8B1,Homo sapiens,Recon3D
PFKFB1,Homo sapiens,Recon3D
PFKFB2,Homo sapiens,Recon3D
PFKFB3,Homo sapiens,Recon3D
PFKFB4,Homo sapiens,Recon3D
PFKL,Homo sapiens,Recon3D
PFKM,Homo sapiens,Recon3D
PFKP,Homo sapiens,Recon3D
ATP5I,Homo sapiens,Recon3D
PGAM1,Homo sapiens,Recon3D
PGAM2,Homo sapiens,Recon3D
PGD,Homo sapiens,Recon3D
ATP5J,Homo sapiens,Recon3D
PGK1,Homo sapiens,Recon3D
PGK2,Homo sapiens,Recon3D
PGM1,Homo sapiens,Recon3D
PGM3,Homo sapiens,Recon3D
ATP6V1A,Homo sapiens,Recon3D
ABCB1,Homo sapiens,Recon3D
ABCB4,Homo sapiens,Recon3D
PHEX,Homo sapiens,Recon3D
ATP6V1B1,Homo sapiens,Recon3D
PHYH,Homo sapiens,Recon3D
ATP6V1B2,Homo sapiens,Recon3D
PIGA,Homo sapiens,Recon3D
PIGC,Homo sapiens,Recon3D
ATP6V0C,Homo sapiens,Recon3D
PIGF,Homo sapiens,Recon3D
PIGH,Homo sapiens,Recon3D
PIK3C2A,Homo sapiens,Recon3D
PIK3C2B,Homo sapiens,Recon3D
PIK3C2G,Homo sapiens,Recon3D
PIK3C3,Homo sapiens,Recon3D
ATP6V1C1,Homo sapiens,Recon3D
PIK3CA,Homo sapiens,Recon3D
PIK3CB,Homo sapiens,Recon3D
PIK3CD,Homo sapiens,Recon3D
PIK3CG,Homo sapiens,Recon3D
PIK3R1,Homo sapiens,Recon3D
PIK3R2,Homo sapiens,Recon3D
PI4KA,Homo sapiens,Recon3D
PI4KB,Homo sapiens,Recon3D
ATP6V1E1,Homo sapiens,Recon3D
ACP1,Homo sapiens,Recon3D
PIP4K2A,Homo sapiens,Recon3D
PKLR,Homo sapiens,Recon3D
PKM,Homo sapiens,Recon3D
PLA2G1B,Homo sapiens,Recon3D
PLA2G2A,Homo sapiens,Recon3D
PLA2G4A,Homo sapiens,Recon3D
PLA2G5,Homo sapiens,Recon3D
PLCB2,Homo sapiens,Recon3D
PLCB3,Homo sapiens,Recon3D
PLCB4,Homo sapiens,Recon3D
PLCD1,Homo sapiens,Recon3D
PLCL1,Homo sapiens,Recon3D
PANK1,Homo sapiens,Recon3D
PLCG1,Homo sapiens,Recon3D
PLCG2,Homo sapiens,Recon3D
PLD1,Homo sapiens,Recon3D
PLD2,Homo sapiens,Recon3D
ATP6V0B,Homo sapiens,Recon3D
ATP6V1G2,Homo sapiens,Recon3D
ATP6V0A1,Homo sapiens,Recon3D
BCO1,Homo sapiens,Recon3D
PMM1,Homo sapiens,Recon3D
PMM2,Homo sapiens,Recon3D
DUOX1,Homo sapiens,Recon3D
SLCO1C1,Homo sapiens,Recon3D
A4GALT,Homo sapiens,Recon3D
ATP5O,Homo sapiens,Recon3D
ACP2,Homo sapiens,Recon3D
SLC37A1,Homo sapiens,Recon3D
PNLIP,Homo sapiens,Recon3D
PNLIPRP1,Homo sapiens,Recon3D
PNLIPRP2,Homo sapiens,Recon3D
PNMT,Homo sapiens,Recon3D
NANS,Homo sapiens,Recon3D
HAO1,Homo sapiens,Recon3D
SLC38A2,Homo sapiens,Recon3D
PON3,Homo sapiens,Recon3D
CHPF2,Homo sapiens,Recon3D
UGT2B28,Homo sapiens,Recon3D
HMGCLL1,Homo sapiens,Recon3D
NDUFB11,Homo sapiens,Recon3D
UGT1A10,Homo sapiens,Recon3D
UGT1A8,Homo sapiens,Recon3D
UGT1A7,Homo sapiens,Recon3D
UGT1A6,Homo sapiens,Recon3D
UGT1A5,Homo sapiens,Recon3D
UGT1A9,Homo sapiens,Recon3D
PPA1,Homo sapiens,Recon3D
UGT1A4,Homo sapiens,Recon3D
UGT1A1,Homo sapiens,Recon3D
UGT1A3,Homo sapiens,Recon3D
CRLS1,Homo sapiens,Recon3D
CROT,Homo sapiens,Recon3D
MANSC1,Homo sapiens,Recon3D
SLC6A20,Homo sapiens,Recon3D
PPAT,Homo sapiens,Recon3D
CTSA,Homo sapiens,Recon3D
CKMT1A,Homo sapiens,Recon3D
PIGG,Homo sapiens,Recon3D
ELOVL2,Homo sapiens,Recon3D
WHSC1L1,Homo sapiens,Recon3D
UCKL1,Homo sapiens,Recon3D
PIGX,Homo sapiens,Recon3D
NMRK1,Homo sapiens,Recon3D
ACSM5,Homo sapiens,Recon3D
PPOX,Homo sapiens,Recon3D
OXSM,Homo sapiens,Recon3D
AUH,Homo sapiens,Recon3D
ACP5,Homo sapiens,Recon3D
SLC52A1,Homo sapiens,Recon3D
PDPR,Homo sapiens,Recon3D
SLC38A4,Homo sapiens,Recon3D
PNPO,Homo sapiens,Recon3D
NADSYN1,Homo sapiens,Recon3D
TMLHE,Homo sapiens,Recon3D
ETNK2,Homo sapiens,Recon3D
PANK4,Homo sapiens,Recon3D
SLC47A1,Homo sapiens,Recon3D
ADI1,Homo sapiens,Recon3D
ECHDC2,Homo sapiens,Recon3D
PGM2,Homo sapiens,Recon3D
FGGY,Homo sapiens,Recon3D
UEVLD,Homo sapiens,Recon3D
SPTLC3,Homo sapiens,Recon3D
RFK,Homo sapiens,Recon3D
SLC29A3,Homo sapiens,Recon3D
AGPAT5,Homo sapiens,Recon3D
ACER3,Homo sapiens,Recon3D
SLC35C1,Homo sapiens,Recon3D
CHDH,Homo sapiens,Recon3D
VNN3,Homo sapiens,Recon3D
PI4K2A,Homo sapiens,Recon3D
PPT1,Homo sapiens,Recon3D
CSGALNACT2,Homo sapiens,Recon3D
ETNK1,Homo sapiens,Recon3D
CHST12,Homo sapiens,Recon3D
SMPD3,Homo sapiens,Recon3D
GALNT10,Homo sapiens,Recon3D
NAGK,Homo sapiens,Recon3D
MIOX,Homo sapiens,Recon3D
MTMR8,Homo sapiens,Recon3D
POMGNT1,Homo sapiens,Recon3D
SMPD4,Homo sapiens,Recon3D
PIGV,Homo sapiens,Recon3D
CNDP2,Homo sapiens,Recon3D
AGK,Homo sapiens,Recon3D
UGGT2,Homo sapiens,Recon3D
CSGALNACT1,Homo sapiens,Recon3D
ST6GALNAC1,Homo sapiens,Recon3D
ADCY10,Homo sapiens,Recon3D
PECR,Homo sapiens,Recon3D
GLT8D1,Homo sapiens,Recon3D
ACOT13,Homo sapiens,Recon3D
SLC22A11,Homo sapiens,Recon3D
ASH1L,Homo sapiens,Recon3D
ACSS2,Homo sapiens,Recon3D
KMT2E,Homo sapiens,Recon3D
CMAS,Homo sapiens,Recon3D
NDUFA12,Homo sapiens,Recon3D
ACPP,Homo sapiens,Recon3D
PRODH,Homo sapiens,Recon3D
GPCPD1,Homo sapiens,Recon3D
SLC7A10,Homo sapiens,Recon3D
PRPS1,Homo sapiens,Recon3D
PRPS2,Homo sapiens,Recon3D
CTPS2,Homo sapiens,Recon3D
CHST7,Homo sapiens,Recon3D
SLC2A9,Homo sapiens,Recon3D
PSAP,Homo sapiens,Recon3D
INPP5E,Homo sapiens,Recon3D
ASAH2,Homo sapiens,Recon3D
SPHK2,Homo sapiens,Recon3D
UGGT1,Homo sapiens,Recon3D
AGPAT3,Homo sapiens,Recon3D
AGPAT4,Homo sapiens,Recon3D
BDH2,Homo sapiens,Recon3D
C1GALT1,Homo sapiens,Recon3D
MCCC1,Homo sapiens,Recon3D
NT5M,Homo sapiens,Recon3D
NIT2,Homo sapiens,Recon3D
POGLUT1,Homo sapiens,Recon3D
CHPT1,Homo sapiens,Recon3D
AKR1B10,Homo sapiens,Recon3D
PDXP,Homo sapiens,Recon3D
SLC17A7,Homo sapiens,Recon3D
SLC17A6,Homo sapiens,Recon3D
CPA6,Homo sapiens,Recon3D
BAAT,Homo sapiens,Recon3D
PNPLA2,Homo sapiens,Recon3D
RHBG,Homo sapiens,Recon3D
DOLPP1,Homo sapiens,Recon3D
ATP10A,Homo sapiens,Recon3D
ATP8B2,Homo sapiens,Recon3D
PSPH,Homo sapiens,Recon3D
SLC4A10,Homo sapiens,Recon3D
PTEN,Homo sapiens,Recon3D
PTGDS,Homo sapiens,Recon3D
AICDA,Homo sapiens,Recon3D
TMEM27,Homo sapiens,Recon3D
PTGIS,Homo sapiens,Recon3D
SLC24A3,Homo sapiens,Recon3D
PTGS1,Homo sapiens,Recon3D
PTGS2,Homo sapiens,Recon3D
SLC12A5,Homo sapiens,Recon3D
CARNS1,Homo sapiens,Recon3D
RDH14,Homo sapiens,Recon3D
GPAM,Homo sapiens,Recon3D
GBA2,Homo sapiens,Recon3D
G6PC2,Homo sapiens,Recon3D
CYP4F11,Homo sapiens,Recon3D
SLC4A5,Homo sapiens,Recon3D
PTS,Homo sapiens,Recon3D
ABCD3,Homo sapiens,Recon3D
PYCR1,Homo sapiens,Recon3D
ALDH18A1,Homo sapiens,Recon3D
PCYT2,Homo sapiens,Recon3D
PYGB,Homo sapiens,Recon3D
PYGL,Homo sapiens,Recon3D
PYGM,Homo sapiens,Recon3D
ENOPH1,Homo sapiens,Recon3D
KMT2C,Homo sapiens,Recon3D
PRODH2,Homo sapiens,Recon3D
QDPR,Homo sapiens,Recon3D
BCAT1,Homo sapiens,Recon3D
BCAT2,Homo sapiens,Recon3D
BCHE,Homo sapiens,Recon3D
ACE2,Homo sapiens,Recon3D
BCKDHA,Homo sapiens,Recon3D
RBP1,Homo sapiens,Recon3D
RBP2,Homo sapiens,Recon3D
BCKDHB,Homo sapiens,Recon3D
RBP4,Homo sapiens,Recon3D
RDH5,Homo sapiens,Recon3D
RENBP,Homo sapiens,Recon3D
RHAG,Homo sapiens,Recon3D
SLC25A19,Homo sapiens,Recon3D
ELOVL5,Homo sapiens,Recon3D
SLC5A7,Homo sapiens,Recon3D
PPCDC,Homo sapiens,Recon3D
SPCS3,Homo sapiens,Recon3D
RPE,Homo sapiens,Recon3D
BDH1,Homo sapiens,Recon3D
RRM1,Homo sapiens,Recon3D
RRM2,Homo sapiens,Recon3D
ACSM3,Homo sapiens,Recon3D
SAT1,Homo sapiens,Recon3D
MSMO1,Homo sapiens,Recon3D
SC5D,Homo sapiens,Recon3D
SCD,Homo sapiens,Recon3D
SCP2,Homo sapiens,Recon3D
BHMT,Homo sapiens,Recon3D
SDHA,Homo sapiens,Recon3D
SDHB,Homo sapiens,Recon3D
GALNT11,Homo sapiens,Recon3D
SDHC,Homo sapiens,Recon3D
SDHD,Homo sapiens,Recon3D
OXCT2,Homo sapiens,Recon3D
LHPP,Homo sapiens,Recon3D
SLC28A3,Homo sapiens,Recon3D
RBKS,Homo sapiens,Recon3D
MCCC2,Homo sapiens,Recon3D
FN3K,Homo sapiens,Recon3D
XYLT1,Homo sapiens,Recon3D
XYLT2,Homo sapiens,Recon3D
ACOT1,Homo sapiens,Recon3D
ACOT6,Homo sapiens,Recon3D
TMEM91,Homo sapiens,Recon3D
DPEP2,Homo sapiens,Recon3D
DPEP3,Homo sapiens,Recon3D
SETMAR,Homo sapiens,Recon3D
STRA6,Homo sapiens,Recon3D
ABCG5,Homo sapiens,Recon3D
ABCG8,Homo sapiens,Recon3D
NSD1,Homo sapiens,Recon3D
MTMR14,Homo sapiens,Recon3D
SGSH,Homo sapiens,Recon3D
ALG1L2,Homo sapiens,Recon3D
TPSB2,Homo sapiens,Recon3D
BLVRA,Homo sapiens,Recon3D
NDST4,Homo sapiens,Recon3D
BLVRB,Homo sapiens,Recon3D
PLA2G2F,Homo sapiens,Recon3D
FABP9,Homo sapiens,Recon3D
FABP12,Homo sapiens,Recon3D
SHMT1,Homo sapiens,Recon3D
HS3ST6,Homo sapiens,Recon3D
SHMT2,Homo sapiens,Recon3D
PLPPR2,Homo sapiens,Recon3D
SMYD3,Homo sapiens,Recon3D
SI,Homo sapiens,Recon3D
CERK,Homo sapiens,Recon3D
NMNAT1,Homo sapiens,Recon3D
CYP3A43,Homo sapiens,Recon3D
ST3GAL1,Homo sapiens,Recon3D
ELOVL1,Homo sapiens,Recon3D
ST3GAL2,Homo sapiens,Recon3D
GNPNAT1,Homo sapiens,Recon3D
SLC13A3,Homo sapiens,Recon3D
ST3GAL4,Homo sapiens,Recon3D
ETNPPL,Homo sapiens,Recon3D
ST3GAL3,Homo sapiens,Recon3D
ST8SIA1,Homo sapiens,Recon3D
LPIN3,Homo sapiens,Recon3D
AGXT2,Homo sapiens,Recon3D
SLC26A6,Homo sapiens,Recon3D
SLC1A1,Homo sapiens,Recon3D
SLC1A2,Homo sapiens,Recon3D
SLC1A3,Homo sapiens,Recon3D
SLC4A3,Homo sapiens,Recon3D
SLC1A4,Homo sapiens,Recon3D
SLC1A5,Homo sapiens,Recon3D
SLC1A6,Homo sapiens,Recon3D
SLC1A7,Homo sapiens,Recon3D
SLC2A1,Homo sapiens,Recon3D
SLC2A2,Homo sapiens,Recon3D
SLC2A3,Homo sapiens,Recon3D
SLC2A4,Homo sapiens,Recon3D
SLC2A5,Homo sapiens,Recon3D
SLC3A1,Homo sapiens,Recon3D
SLC3A2,Homo sapiens,Recon3D
SLC4A1,Homo sapiens,Recon3D
NADK,Homo sapiens,Recon3D
SLC4A2,Homo sapiens,Recon3D
SLC5A1,Homo sapiens,Recon3D
SLC5A2,Homo sapiens,Recon3D
PYCRL,Homo sapiens,Recon3D
SLC5A3,Homo sapiens,Recon3D
SLC5A5,Homo sapiens,Recon3D
SLC6A1,Homo sapiens,Recon3D
SLC6A2,Homo sapiens,Recon3D
SLC6A3,Homo sapiens,Recon3D
SLC6A4,Homo sapiens,Recon3D
SLC6A6,Homo sapiens,Recon3D
SLC6A7,Homo sapiens,Recon3D
SLC6A8,Homo sapiens,Recon3D
SLC6A9,Homo sapiens,Recon3D
SLC6A11,Homo sapiens,Recon3D
SLC6A12,Homo sapiens,Recon3D
SLC6A13,Homo sapiens,Recon3D
SLC7A1,Homo sapiens,Recon3D
SLC7A2,Homo sapiens,Recon3D
SLC8A2,Homo sapiens,Recon3D
SLC8A1,Homo sapiens,Recon3D
SLC8A3,Homo sapiens,Recon3D
SLC9A1,Homo sapiens,Recon3D
SLC9A2,Homo sapiens,Recon3D
SLC9A3,Homo sapiens,Recon3D
SLC9A5,Homo sapiens,Recon3D
SLC10A1,Homo sapiens,Recon3D
SLC10A2,Homo sapiens,Recon3D
SLC11A1,Homo sapiens,Recon3D
SLC12A1,Homo sapiens,Recon3D
SLC12A2,Homo sapiens,Recon3D
SLC12A3,Homo sapiens,Recon3D
SLC12A4,Homo sapiens,Recon3D
SLC13A1,Homo sapiens,Recon3D
SLC14A1,Homo sapiens,Recon3D
SLC15A1,Homo sapiens,Recon3D
SLC15A2,Homo sapiens,Recon3D
SLC16A1,Homo sapiens,Recon3D
SLC16A2,Homo sapiens,Recon3D
SLC17A1,Homo sapiens,Recon3D
SLC34A1,Homo sapiens,Recon3D
SLC18A1,Homo sapiens,Recon3D
SLC18A2,Homo sapiens,Recon3D
SLC18A3,Homo sapiens,Recon3D
SLC19A1,Homo sapiens,Recon3D
SLC20A1,Homo sapiens,Recon3D
SLC20A2,Homo sapiens,Recon3D
SLC25A1,Homo sapiens,Recon3D
SLCO2A1,Homo sapiens,Recon3D
SLCO1A2,Homo sapiens,Recon3D
SLC22A1,Homo sapiens,Recon3D
SLC22A3,Homo sapiens,Recon3D
SLC22A2,Homo sapiens,Recon3D
SLC22A4,Homo sapiens,Recon3D
SLC22A5,Homo sapiens,Recon3D
AACS,Homo sapiens,Recon3D
CYP4F12,Homo sapiens,Recon3D
SLC2A11,Homo sapiens,Recon3D
SMPD1,Homo sapiens,Recon3D
SMPD2,Homo sapiens,Recon3D
SMS,Homo sapiens,Recon3D
SOAT1,Homo sapiens,Recon3D
SOD1,Homo sapiens,Recon3D
SOD2,Homo sapiens,Recon3D
SOD3,Homo sapiens,Recon3D
SORD,Homo sapiens,Recon3D
UAP1,Homo sapiens,Recon3D
SPR,Homo sapiens,Recon3D
BPGM,Homo sapiens,Recon3D
SQLE,Homo sapiens,Recon3D
SRD5A1,Homo sapiens,Recon3D
SRD5A2,Homo sapiens,Recon3D
AKR1D1,Homo sapiens,Recon3D
SRM,Homo sapiens,Recon3D
SULT1E1,Homo sapiens,Recon3D
ELOVL4,Homo sapiens,Recon3D
SULT1A2,Homo sapiens,Recon3D
SULT1A1,Homo sapiens,Recon3D
SULT1A3,Homo sapiens,Recon3D
SULT1C2,Homo sapiens,Recon3D
SULT2B1,Homo sapiens,Recon3D
SUOX,Homo sapiens,Recon3D
SULT2A1,Homo sapiens,Recon3D
BSG,Homo sapiens,Recon3D
ABCC8,Homo sapiens,Recon3D
SUV39H1,Homo sapiens,Recon3D
BTD,Homo sapiens,Recon3D
TALDO1,Homo sapiens,Recon3D
TAT,Homo sapiens,Recon3D
TBXAS1,Homo sapiens,Recon3D
TDO2,Homo sapiens,Recon3D
PRDX2,Homo sapiens,Recon3D
TH,Homo sapiens,Recon3D
TK1,Homo sapiens,Recon3D
TK2,Homo sapiens,Recon3D
TKT,Homo sapiens,Recon3D
TM7SF2,Homo sapiens,Recon3D
TPH1,Homo sapiens,Recon3D
TPI1,Homo sapiens,Recon3D
TPO,Homo sapiens,Recon3D
TPSAB1,Homo sapiens,Recon3D
TST,Homo sapiens,Recon3D
TSTA3,Homo sapiens,Recon3D
GGT2,Homo sapiens,Recon3D
TXNRD1,Homo sapiens,Recon3D
TYMS,Homo sapiens,Recon3D
TYR,Homo sapiens,Recon3D
TYRP1,Homo sapiens,Recon3D
UCP1,Homo sapiens,Recon3D
UCP2,Homo sapiens,Recon3D
UCP3,Homo sapiens,Recon3D
SLC35A2,Homo sapiens,Recon3D
UGCG,Homo sapiens,Recon3D
UGDH,Homo sapiens,Recon3D
UGP2,Homo sapiens,Recon3D
UGT2B4,Homo sapiens,Recon3D
UGT2B7,Homo sapiens,Recon3D
UGT2B10,Homo sapiens,Recon3D
UGT2B15,Homo sapiens,Recon3D
UGT2B17,Homo sapiens,Recon3D
UGT8,Homo sapiens,Recon3D
UCK2,Homo sapiens,Recon3D
UMPS,Homo sapiens,Recon3D
UPP1,Homo sapiens,Recon3D
UQCRB,Homo sapiens,Recon3D
UQCRC1,Homo sapiens,Recon3D
UQCRC2,Homo sapiens,Recon3D
UQCRFS1,Homo sapiens,Recon3D
UQCRH,Homo sapiens,Recon3D
UROD,Homo sapiens,Recon3D
UROS,Homo sapiens,Recon3D
WHSC1,Homo sapiens,Recon3D
DAGLA,Homo sapiens,Recon3D
XDH,Homo sapiens,Recon3D
CA1,Homo sapiens,Recon3D
CA2,Homo sapiens,Recon3D
CA3,Homo sapiens,Recon3D
CA4,Homo sapiens,Recon3D
CA5A,Homo sapiens,Recon3D
CA6,Homo sapiens,Recon3D
CA7,Homo sapiens,Recon3D
CA8,Homo sapiens,Recon3D
CA9,Homo sapiens,Recon3D
CA12,Homo sapiens,Recon3D
SLC30A1,Homo sapiens,Recon3D
PXDN,Homo sapiens,Recon3D
SLC25A20,Homo sapiens,Recon3D
GGCT,Homo sapiens,Recon3D
ST8SIA4,Homo sapiens,Recon3D
ELOVL6,Homo sapiens,Recon3D
DCTPP1,Homo sapiens,Recon3D
ALG12,Homo sapiens,Recon3D
CAD,Homo sapiens,Recon3D
ALDH5A1,Homo sapiens,Recon3D
THTPA,Homo sapiens,Recon3D
HSD17B8,Homo sapiens,Recon3D
B3GNT4,Homo sapiens,Recon3D
GLB1L,Homo sapiens,Recon3D
PLA2G7,Homo sapiens,Recon3D
SLC52A2,Homo sapiens,Recon3D
CHPF,Homo sapiens,Recon3D
CERS4,Homo sapiens,Recon3D
ACSS3,Homo sapiens,Recon3D
GALNT14,Homo sapiens,Recon3D
SRD5A3,Homo sapiens,Recon3D
PANK3,Homo sapiens,Recon3D
FN3KRP,Homo sapiens,Recon3D
GALNT12,Homo sapiens,Recon3D
NOL9,Homo sapiens,Recon3D
PPCS,Homo sapiens,Recon3D
SUV39H2,Homo sapiens,Recon3D
SLC25A22,Homo sapiens,Recon3D
UGT2A3,Homo sapiens,Recon3D
EHMT1,Homo sapiens,Recon3D
AGMAT,Homo sapiens,Recon3D
PIP4K2C,Homo sapiens,Recon3D
THNSL1,Homo sapiens,Recon3D
CYBRD1,Homo sapiens,Recon3D
TUSC3,Homo sapiens,Recon3D
PLPPR3,Homo sapiens,Recon3D
SCD5,Homo sapiens,Recon3D
ELOVL7,Homo sapiens,Recon3D
PANK2,Homo sapiens,Recon3D
PGAP1,Homo sapiens,Recon3D
PTGES2,Homo sapiens,Recon3D
UXS1,Homo sapiens,Recon3D
ASRGL1,Homo sapiens,Recon3D
ATHL1,Homo sapiens,Recon3D
MOGAT2,Homo sapiens,Recon3D
HKDC1,Homo sapiens,Recon3D
PIGZ,Homo sapiens,Recon3D
HSD3B7,Homo sapiens,Recon3D
ITPKC,Homo sapiens,Recon3D
FLAD1,Homo sapiens,Recon3D
PNPLA3,Homo sapiens,Recon3D
COASY,Homo sapiens,Recon3D
SLC25A16,Homo sapiens,Recon3D
PDHX,Homo sapiens,Recon3D
SLC19A3,Homo sapiens,Recon3D
ACAD10,Homo sapiens,Recon3D
SETD7,Homo sapiens,Recon3D
KMT2D,Homo sapiens,Recon3D
SLC2A10,Homo sapiens,Recon3D
SLC7A5,Homo sapiens,Recon3D
PTDSS2,Homo sapiens,Recon3D
SGPP1,Homo sapiens,Recon3D
SLC38A1,Homo sapiens,Recon3D
PLA2G12A,Homo sapiens,Recon3D
ACSBG2,Homo sapiens,Recon3D
SLC14A2,Homo sapiens,Recon3D
ST6GALNAC5,Homo sapiens,Recon3D
SLC25A28,Homo sapiens,Recon3D
PNPLA4,Homo sapiens,Recon3D
TKTL1,Homo sapiens,Recon3D
EPX,Homo sapiens,Recon3D
ACOX2,Homo sapiens,Recon3D
ACOX3,Homo sapiens,Recon3D
ELOVL3,Homo sapiens,Recon3D
GLT8D2,Homo sapiens,Recon3D
UCK1,Homo sapiens,Recon3D
NUDT12,Homo sapiens,Recon3D
SLC4A9,Homo sapiens,Recon3D
HYAL3,Homo sapiens,Recon3D
SLC25A18,Homo sapiens,Recon3D
SETDB2,Homo sapiens,Recon3D
SLC25A2,Homo sapiens,Recon3D
PIP5K1A,Homo sapiens,Recon3D
PIP5K1B,Homo sapiens,Recon3D
PIP4K2B,Homo sapiens,Recon3D
PLA2G6,Homo sapiens,Recon3D
PLA2G10,Homo sapiens,Recon3D
B3GNT5,Homo sapiens,Recon3D
SLC25A11,Homo sapiens,Recon3D
TKTL2,Homo sapiens,Recon3D
PCBD2,Homo sapiens,Recon3D
ACAD11,Homo sapiens,Recon3D
BBOX1,Homo sapiens,Recon3D
HAGHL,Homo sapiens,Recon3D
COQ5,Homo sapiens,Recon3D
SOAT2,Homo sapiens,Recon3D
DOT1L,Homo sapiens,Recon3D
DUSP11,Homo sapiens,Recon3D
PLPP5,Homo sapiens,Recon3D
ACSS1,Homo sapiens,Recon3D
LYZL1,Homo sapiens,Recon3D
NT5C1A,Homo sapiens,Recon3D
DGAT2,Homo sapiens,Recon3D
SLC9A7,Homo sapiens,Recon3D
MCEE,Homo sapiens,Recon3D
COX4I2,Homo sapiens,Recon3D
GPT2,Homo sapiens,Recon3D
PIGO,Homo sapiens,Recon3D
CNDP1,Homo sapiens,Recon3D
OGT,Homo sapiens,Recon3D
FUT10,Homo sapiens,Recon3D
B3GNT9,Homo sapiens,Recon3D
KMT5C,Homo sapiens,Recon3D
CAT,Homo sapiens,Recon3D
PLCD4,Homo sapiens,Recon3D
PLPP7,Homo sapiens,Recon3D
CBR4,Homo sapiens,Recon3D
SLC7A3,Homo sapiens,Recon3D
ADO,Homo sapiens,Recon3D
SLC35B4,Homo sapiens,Recon3D
ALG10,Homo sapiens,Recon3D
PHYKPL,Homo sapiens,Recon3D
SLC43A1,Homo sapiens,Recon3D
PIK3R3,Homo sapiens,Recon3D
NDST2,Homo sapiens,Recon3D
LIPF,Homo sapiens,Recon3D
DGKZ,Homo sapiens,Recon3D
DGKE,Homo sapiens,Recon3D
DGKD,Homo sapiens,Recon3D
DDO,Homo sapiens,Recon3D
CYP4F2,Homo sapiens,Recon3D
ABCC11,Homo sapiens,Recon3D
CHST1,Homo sapiens,Recon3D
EPT1,Homo sapiens,Recon3D
DEGS1,Homo sapiens,Recon3D
KMO,Homo sapiens,Recon3D
PDXK,Homo sapiens,Recon3D
AKR7A2,Homo sapiens,Recon3D
SLC25A12,Homo sapiens,Recon3D
RDH16,Homo sapiens,Recon3D
PLPP1,Homo sapiens,Recon3D
PLPP2,Homo sapiens,Recon3D
PLPP3,Homo sapiens,Recon3D
PDE8B,Homo sapiens,Recon3D
HSD17B6,Homo sapiens,Recon3D
AOC3,Homo sapiens,Recon3D
AKR1C3,Homo sapiens,Recon3D
ABCB11,Homo sapiens,Recon3D
PDE5A,Homo sapiens,Recon3D
ALDH4A1,Homo sapiens,Recon3D
SLC4A4,Homo sapiens,Recon3D
GALNT4,Homo sapiens,Recon3D
DGAT1,Homo sapiens,Recon3D
B4GALT4,Homo sapiens,Recon3D
B4GALT3,Homo sapiens,Recon3D
B4GALT2,Homo sapiens,Recon3D
B3GALT4,Homo sapiens,Recon3D
B3GALNT1,Homo sapiens,Recon3D
B3GALT2,Homo sapiens,Recon3D
B3GALT1,Homo sapiens,Recon3D
ABCC3,Homo sapiens,Recon3D
GPAA1,Homo sapiens,Recon3D
CBR1,Homo sapiens,Recon3D
CBR3,Homo sapiens,Recon3D
CBS,Homo sapiens,Recon3D
CDS2,Homo sapiens,Recon3D
MTMR1,Homo sapiens,Recon3D
FBP2,Homo sapiens,Recon3D
FPGT,Homo sapiens,Recon3D
SUCLG2,Homo sapiens,Recon3D
SUCLG1,Homo sapiens,Recon3D
SUCLA2,Homo sapiens,Recon3D
DPM2,Homo sapiens,Recon3D
INPP4B,Homo sapiens,Recon3D
CES2,Homo sapiens,Recon3D
GMPS,Homo sapiens,Recon3D
GGH,Homo sapiens,Recon3D
KYAT1,Homo sapiens,Recon3D
ALDH1A2,Homo sapiens,Recon3D
SYNJ1,Homo sapiens,Recon3D
ST3GAL5,Homo sapiens,Recon3D
SYNJ2,Homo sapiens,Recon3D
VNN2,Homo sapiens,Recon3D
VNN1,Homo sapiens,Recon3D
SPHK1,Homo sapiens,Recon3D
SGPL1,Homo sapiens,Recon3D
SLC5A6,Homo sapiens,Recon3D
MTMR3,Homo sapiens,Recon3D
MTMR2,Homo sapiens,Recon3D
GYG2,Homo sapiens,Recon3D
KYNU,Homo sapiens,Recon3D
MGAM,Homo sapiens,Recon3D
P4HA2,Homo sapiens,Recon3D
PLCZ1,Homo sapiens,Recon3D
AQP10,Homo sapiens,Recon3D
SLC25A21,Homo sapiens,Recon3D
ATP6V0E1,Homo sapiens,Recon3D
HS6ST2,Homo sapiens,Recon3D
SLC25A14,Homo sapiens,Recon3D
CH25H,Homo sapiens,Recon3D
ATP6V1E2,Homo sapiens,Recon3D
RPL14,Homo sapiens,Recon3D
SLC7A7,Homo sapiens,Recon3D
SLC7A6,Homo sapiens,Recon3D
SLC13A2,Homo sapiens,Recon3D
PAPSS2,Homo sapiens,Recon3D
PAPSS1,Homo sapiens,Recon3D
SEC11C,Homo sapiens,Recon3D
PIGQ,Homo sapiens,Recon3D
CERS5,Homo sapiens,Recon3D
MTMR6,Homo sapiens,Recon3D
MTMR7,Homo sapiens,Recon3D
ATP6V0D1,Homo sapiens,Recon3D
SCARF2,Homo sapiens,Recon3D
GGTLC2,Homo sapiens,Recon3D
SLC16A3,Homo sapiens,Recon3D
UAP1L1,Homo sapiens,Recon3D
SLC6A5,Homo sapiens,Recon3D
SLC28A2,Homo sapiens,Recon3D
SLC28A1,Homo sapiens,Recon3D
DGKI,Homo sapiens,Recon3D
COX7A2L,Homo sapiens,Recon3D
ACY3,Homo sapiens,Recon3D
IDI2,Homo sapiens,Recon3D
SLC24A1,Homo sapiens,Recon3D
SLC16A7,Homo sapiens,Recon3D
SLC33A1,Homo sapiens,Recon3D
HACD1,Homo sapiens,Recon3D
GGTLC1,Homo sapiens,Recon3D
LRAT,Homo sapiens,Recon3D
PXYLP1,Homo sapiens,Recon3D
GCNT3,Homo sapiens,Recon3D
LDHAL6B,Homo sapiens,Recon3D
DHRS3,Homo sapiens,Recon3D
G6PC3,Homo sapiens,Recon3D
SLC38A5,Homo sapiens,Recon3D
ATP6V1F,Homo sapiens,Recon3D
B3GNT7,Homo sapiens,Recon3D
NT5C1B,Homo sapiens,Recon3D
NAPRT,Homo sapiens,Recon3D
PIGM,Homo sapiens,Recon3D
B4GALT6,Homo sapiens,Recon3D
B4GALT5,Homo sapiens,Recon3D
NDST3,Homo sapiens,Recon3D
TPTE2,Homo sapiens,Recon3D
SDR42E1,Homo sapiens,Recon3D
SLC22A6,Homo sapiens,Recon3D
ACPT,Homo sapiens,Recon3D
KL,Homo sapiens,Recon3D
PPT2,Homo sapiens,Recon3D
SLC22A8,Homo sapiens,Recon3D
COX5A,Homo sapiens,Recon3D
GRHPR,Homo sapiens,Recon3D
LIPG,Homo sapiens,Recon3D
SLC22A13,Homo sapiens,Recon3D
HS6ST1,Homo sapiens,Recon3D
CPA5,Homo sapiens,Recon3D
PIGS,Homo sapiens,Recon3D
FTMT,Homo sapiens,Recon3D
FADS2,Homo sapiens,Recon3D
CYP7B1,Homo sapiens,Recon3D
ABCG2,Homo sapiens,Recon3D
CHST2,Homo sapiens,Recon3D
GGPS1,Homo sapiens,Recon3D
PCYT1B,Homo sapiens,Recon3D
CHST3,Homo sapiens,Recon3D
SLC25A27,Homo sapiens,Recon3D
PIGL,Homo sapiens,Recon3D
PIGB,Homo sapiens,Recon3D
PGS1,Homo sapiens,Recon3D
CD36,Homo sapiens,Recon3D
SLC4A7,Homo sapiens,Recon3D
SLC4A8,Homo sapiens,Recon3D
SCARB1,Homo sapiens,Recon3D
GAL3ST1,Homo sapiens,Recon3D
SPTLC2,Homo sapiens,Recon3D
TECR,Homo sapiens,Recon3D
CD38,Homo sapiens,Recon3D
PTGES,Homo sapiens,Recon3D
ENTPD1,Homo sapiens,Recon3D
ENTPD2,Homo sapiens,Recon3D
ATP6V1G1,Homo sapiens,Recon3D
ATP5J2,Homo sapiens,Recon3D
ENTPD6,Homo sapiens,Recon3D
MINPP1,Homo sapiens,Recon3D
H6PD,Homo sapiens,Recon3D
ENTPD3,Homo sapiens,Recon3D
ENTPD5,Homo sapiens,Recon3D
ENTPD4,Homo sapiens,Recon3D
PRDX6,Homo sapiens,Recon3D
ACY1,Homo sapiens,Recon3D
GDA,Homo sapiens,Recon3D
PLCH2,Homo sapiens,Recon3D
HS2ST1,Homo sapiens,Recon3D
LPIN2,Homo sapiens,Recon3D
PPIP5K1,Homo sapiens,Recon3D
SETD1A,Homo sapiens,Recon3D
KMT2B,Homo sapiens,Recon3D
SPCS2,Homo sapiens,Recon3D
CDA,Homo sapiens,Recon3D
PTDSS1,Homo sapiens,Recon3D
ACYP1,Homo sapiens,Recon3D
IP6K1,Homo sapiens,Recon3D
HEPH,Homo sapiens,Recon3D
SETDB1,Homo sapiens,Recon3D
PLPPR4,Homo sapiens,Recon3D
FIG4,Homo sapiens,Recon3D
ACYP2,Homo sapiens,Recon3D
FAM20B,Homo sapiens,Recon3D
XYLB,Homo sapiens,Recon3D
GFPT2,Homo sapiens,Recon3D
HS3ST4,Homo sapiens,Recon3D
HS3ST3B1,Homo sapiens,Recon3D
HS3ST3A1,Homo sapiens,Recon3D
HS3ST2,Homo sapiens,Recon3D
HS3ST1,Homo sapiens,Recon3D
SLC23A2,Homo sapiens,Recon3D
SLC23A1,Homo sapiens,Recon3D
SLC12A6,Homo sapiens,Recon3D